{
  "controller/HomeView.controller.js.map": 1686748660754,
  "manifest.json": 1686748660408,
  "controller/HomeView.controller.js": 1686300953497,
  "controller/App.controller.js": 1686300953493,
  "model/models.js": 1686300953489,
  "Component.js": 1686300953477,
  "Component-dbg.js": 1686300953477,
  "Component.js.map": 1686748660753,
  "controller/App-dbg.controller.js": 1686300953493,
  "controller/App.controller.js.map": 1686748660754,
  "model/models-dbg.js": 1686300953489,
  "model/models.js.map": 1686748660754,
  "controller/HomeView-dbg.controller.js": 1686300953497,
  "i18n/i18n.properties": 1686300953481,
  "Component-preload.js": 1686748661069,
  "Component-preload.js.map": 1686748661069,
  "view/HomeView.view.xml": 1686747389296,
  "view/App.view.xml": 1686300953493,
  "css/style.css": 1686300953493,
  "index.html": 1686325540593
}