{
  "lib/jszip.min.js.map": 1686230658625,
  "model/models.js": 1682606028930,
  "utils/formatter.js": 1683624474636,
  "model/LineItemsSet.json": 1682694255383,
  "lib/jszip.min.js": 1684836399025,
  "lib/jspdf.min.js": 1683801677019,
  "lib/jspdf.js": 1683723625318,
  "lib/FileSaver.js": 1683730131537,
  "controller/Home.controller.js": 1686209804850,
  "controller/Base.controller.js": 1682695331864,
  "controller/App.controller.js": 1682606028938,
  "manifest.json": 1686230657075,
  "Component.js": 1682672777701,
  "model/models-dbg.js": 1682606028930,
  "model/models.js.map": 1686230657372,
  "utils/formatter-dbg.js": 1683624474636,
  "utils/formatter.js.map": 1686230657374,
  "lib/jszip.min-dbg.js": 1684836399025,
  "i18n/i18n.properties": 1682606028910,
  "lib/jspdf.min-dbg.js": 1683801677019,
  "lib/jspdf.min.js.map": 1686230659243,
  "lib/jspdf-dbg.js": 1683723625318,
  "lib/jspdf.js.map": 1686230658048,
  "lib/FileSaver-dbg.js": 1683730131537,
  "lib/FileSaver.js.map": 1686230657512,
  "controller/Home-dbg.controller.js": 1686209804850,
  "controller/Home.controller.js.map": 1686230657904,
  "controller/Base-dbg.controller.js": 1682695331864,
  "controller/Base.controller.js.map": 1686230657995,
  "controller/App-dbg.controller.js": 1682606028938,
  "controller/App.controller.js.map": 1686230658000,
  "Component-dbg.js": 1682672777701,
  "Component.js.map": 1686230658009,
  "Component-preload.js": 1686230659960,
  "Component-preload.js.map": 1686230659962,
  "view/Home.view.xml": 1684140359730,
  "view/App.view.xml": 1682606028950,
  "css/style.css": 1683623609015,
  "index.html": 1683801490010
}