{
  "manifest.json": 1685037408165,
  "model/models.js": 1684420269926,
  "controller/HomeView.controller.js": 1684944401198,
  "controller/Base.controller.js": 1684511824164,
  "controller/App.controller.js": 1684420269930,
  "i18n/i18n.properties": 1684420269914,
  "Component.js": 1684740431412,
  "Component-dbg.js": 1684740431412,
  "Component.js.map": 1685037408401,
  "controller/HomeView-dbg.controller.js": 1684944401198,
  "controller/HomeView.controller.js.map": 1685037408495,
  "controller/Base-dbg.controller.js": 1684511824164,
  "controller/Base.controller.js.map": 1685037408468,
  "controller/App-dbg.controller.js": 1684420269930,
  "controller/App.controller.js.map": 1685037408401,
  "model/models-dbg.js": 1684420269926,
  "model/models.js.map": 1685037408407,
  "Component-preload.js": 1685037408636,
  "Component-preload.js.map": 1685037408636,
  "view/HomeView.view.xml": 1685008519238,
  "view/App.view.xml": 1684420269934,
  "css/style.css": 1684420269930,
  "index.html": 1684422075904
}