{
  "model/models-dbg.js": 1686840466911,
  "controller/HomeView.controller.js": 1688118818433,
  "lib/jszip.min.js": 1687787860316,
  "model/models.js": 1686840466911,
  "controller/App.controller.js": 1686840466919,
  "manifest.json": 1688134668041,
  "Component.js": 1687355617381,
  "lib/jszip.min-dbg.js": 1687787860316,
  "lib/jszip.min.js.map": 1688134668921,
  "controller/HomeView-dbg.controller.js": 1688118818433,
  "controller/HomeView.controller.js.map": 1688134668599,
  "i18n/i18n.properties": 1686840466911,
  "model/models.js.map": 1688134668363,
  "controller/App-dbg.controller.js": 1686840466919,
  "controller/App.controller.js.map": 1688134668354,
  "Component-dbg.js": 1687355617381,
  "Component.js.map": 1688134668365,
  "Component-preload.js": 1688134669409,
  "Component-preload.js.map": 1688134669410,
  "view/HomeView.view.xml": 1687971926265,
  "view/App.view.xml": 1686840466923,
  "css/style.css": 1686840466919,
  "index.html": 1686840590587
}